Labels,HW 1,HW 2,Test 1,Average
Sophie,88.0,85.0,82.0,85.0
Billy,72.0,65.0,68.0,68.33333333333333
Bob,99.0,98.0,100.0,99.0
Average,86.33333333333333,82.66666666666667,83.33333333333333,84.1111111111111